path,label,source,original_folder,file_name,label_reason,target
/kaggle/working/maizeguard_public_training/raw_public_sources/CK-CNN/dataset/individual/good/0038.tiff,good,CK-CNN,good,0038.tiff,exact_folder,0
/kaggle/working/maizeguard_public_training/raw_public_sources/CK-CNN/dataset/individual/good/0049.tiff,good,CK-CNN,good,0049.tiff,exact_folder,0
/kaggle/working/maizeguard_public_training/raw_public_sources/CK-CNN/dataset/individual/broken/0007.tiff,broken,CK-CNN,broken,0007.tiff,exact_folder,1
/kaggle/working/maizeguard_public_training/raw_public_sources/CK-CNN/dataset/individual/broken/0042.tiff,broken,CK-CNN,broken,0042.tiff,exact_folder,1
/kaggle/working/maizeguard_public_training/raw_public_sources/CK-CNN/dataset/individual/good/0004.tiff,good,CK-CNN,good,0004.tiff,exact_folder,0
/kaggle/working/maizeguard_public_training/raw_public_sources/CK-CNN/dataset/individual/good/0055.tiff,good,CK-CNN,good,0055.tiff,exact_folder,0
/kaggle/working/maizeguard_public_training/raw_public_sources/CK-CNN/dataset/individual/impurity/0005.tiff,impurity,CK-CNN,impurity,0005.tiff,exact_folder,2
/kaggle/working/maizeguard_public_training/raw_public_sources/CK-CNN/dataset/individual/broken/0014.tiff,broken,CK-CNN,broken,0014.tiff,exact_folder,1
/kaggle/working/maizeguard_public_training/raw_public_sources/CK-CNN/dataset/individual/good/0108.tiff,good,CK-CNN,good,0108.tiff,exact_folder,0
/kaggle/working/maizeguard_public_training/raw_public_sources/CK-CNN/dataset/individual/good/0061.tiff,good,CK-CNN,good,0061.tiff,exact_folder,0
/kaggle/working/maizeguard_public_training/raw_public_sources/CK-CNN/dataset/individual/impurity/0037.tiff,impurity,CK-CNN,impurity,0037.tiff,exact_folder,2
/kaggle/working/maizeguard_public_training/raw_public_sources/CK-CNN/dataset/individual/broken/0046.tiff,broken,CK-CNN,broken,0046.tiff,exact_folder,1
/kaggle/working/maizeguard_public_training/raw_public_sources/CK-CNN/dataset/individual/rotten/0060.tiff,mold_risk,CK-CNN,rotten,0060.tiff,exact_folder,3
/kaggle/working/maizeguard_public_training/raw_public_sources/CK-CNN/dataset/individual/good/0113.tiff,good,CK-CNN,good,0113.tiff,exact_folder,0
/kaggle/working/maizeguard_public_training/raw_public_sources/CK-CNN/dataset/individual/impurity/0004.tiff,impurity,CK-CNN,impurity,0004.tiff,exact_folder,2
/kaggle/working/maizeguard_public_training/raw_public_sources/CK-CNN/dataset/individual/good/0091.tiff,good,CK-CNN,good,0091.tiff,exact_folder,0
/kaggle/working/maizeguard_public_training/raw_public_sources/CK-CNN/dataset/individual/good/0098.tiff,good,CK-CNN,good,0098.tiff,exact_folder,0
/kaggle/working/maizeguard_public_training/raw_public_sources/CK-CNN/dataset/individual/good/0024.tiff,good,CK-CNN,good,0024.tiff,exact_folder,0
/kaggle/working/maizeguard_public_training/raw_public_sources/CK-CNN/dataset/individual/rotten/0006.tiff,mold_risk,CK-CNN,rotten,0006.tiff,exact_folder,3
/kaggle/working/maizeguard_public_training/raw_public_sources/CK-CNN/dataset/individual/broken/0028.tiff,broken,CK-CNN,broken,0028.tiff,exact_folder,1
/kaggle/working/maizeguard_public_training/raw_public_sources/CK-CNN/dataset/individual/good/0023.tiff,good,CK-CNN,good,0023.tiff,exact_folder,0
/kaggle/working/maizeguard_public_training/raw_public_sources/CK-CNN/dataset/individual/impurity/0017.tiff,impurity,CK-CNN,impurity,0017.tiff,exact_folder,2
/kaggle/working/maizeguard_public_training/raw_public_sources/CK-CNN/dataset/individual/good/0009.tiff,good,CK-CNN,good,0009.tiff,exact_folder,0
/kaggle/working/maizeguard_public_training/raw_public_sources/CK-CNN/dataset/individual/impurity/0001.tiff,impurity,CK-CNN,impurity,0001.tiff,exact_folder,2
/kaggle/working/maizeguard_public_training/raw_public_sources/CK-CNN/dataset/individual/broken/0018.tiff,broken,CK-CNN,broken,0018.tiff,exact_folder,1
/kaggle/working/maizeguard_public_training/raw_public_sources/CK-CNN/dataset/individual/broken/0017.tiff,broken,CK-CNN,broken,0017.tiff,exact_folder,1
/kaggle/working/maizeguard_public_training/raw_public_sources/CK-CNN/dataset/individual/broken/0024.tiff,broken,CK-CNN,broken,0024.tiff,exact_folder,1
/kaggle/working/maizeguard_public_training/raw_public_sources/CK-CNN/dataset/individual/impurity/0014.tiff,impurity,CK-CNN,impurity,0014.tiff,exact_folder,2
/kaggle/working/maizeguard_public_training/raw_public_sources/CK-CNN/dataset/individual/good/0067.tiff,good,CK-CNN,good,0067.tiff,exact_folder,0
/kaggle/working/maizeguard_public_training/raw_public_sources/CK-CNN/dataset/individual/broken/0060.tiff,broken,CK-CNN,broken,0060.tiff,exact_folder,1
/kaggle/working/maizeguard_public_training/raw_public_sources/CK-CNN/dataset/individual/impurity/0050.tiff,impurity,CK-CNN,impurity,0050.tiff,exact_folder,2
/kaggle/working/maizeguard_public_training/raw_public_sources/CK-CNN/dataset/individual/broken/0057.tiff,broken,CK-CNN,broken,0057.tiff,exact_folder,1
/kaggle/working/maizeguard_public_training/raw_public_sources/CK-CNN/dataset/individual/good/0006.tiff,good,CK-CNN,good,0006.tiff,exact_folder,0
/kaggle/working/maizeguard_public_training/raw_public_sources/CK-CNN/dataset/individual/good/0026.tiff,good,CK-CNN,good,0026.tiff,exact_folder,0
/kaggle/working/maizeguard_public_training/raw_public_sources/CK-CNN/dataset/individual/broken/0010.tiff,broken,CK-CNN,broken,0010.tiff,exact_folder,1
/kaggle/working/maizeguard_public_training/raw_public_sources/CK-CNN/dataset/individual/broken/0056.tiff,broken,CK-CNN,broken,0056.tiff,exact_folder,1
/kaggle/working/maizeguard_public_training/raw_public_sources/CK-CNN/dataset/individual/broken/0025.tiff,broken,CK-CNN,broken,0025.tiff,exact_folder,1
/kaggle/working/maizeguard_public_training/raw_public_sources/CK-CNN/dataset/individual/impurity/0040.tiff,impurity,CK-CNN,impurity,0040.tiff,exact_folder,2
/kaggle/working/maizeguard_public_training/raw_public_sources/CK-CNN/dataset/individual/good/0069.tiff,good,CK-CNN,good,0069.tiff,exact_folder,0
/kaggle/working/maizeguard_public_training/raw_public_sources/CK-CNN/dataset/individual/broken/0044.tiff,broken,CK-CNN,broken,0044.tiff,exact_folder,1
/kaggle/working/maizeguard_public_training/raw_public_sources/CK-CNN/dataset/individual/rotten/0035.tiff,mold_risk,CK-CNN,rotten,0035.tiff,exact_folder,3
/kaggle/working/maizeguard_public_training/raw_public_sources/CK-CNN/dataset/individual/good/0103.tiff,good,CK-CNN,good,0103.tiff,exact_folder,0
/kaggle/working/maizeguard_public_training/raw_public_sources/CK-CNN/dataset/individual/rotten/0023.tiff,mold_risk,CK-CNN,rotten,0023.tiff,exact_folder,3
/kaggle/working/maizeguard_public_training/raw_public_sources/CK-CNN/dataset/individual/good/0096.tiff,good,CK-CNN,good,0096.tiff,exact_folder,0
/kaggle/working/maizeguard_public_training/raw_public_sources/CK-CNN/dataset/individual/impurity/0042.tiff,impurity,CK-CNN,impurity,0042.tiff,exact_folder,2
/kaggle/working/maizeguard_public_training/raw_public_sources/CK-CNN/dataset/individual/good/0012.tiff,good,CK-CNN,good,0012.tiff,exact_folder,0
/kaggle/working/maizeguard_public_training/raw_public_sources/CK-CNN/dataset/individual/broken/0010.tiff,broken,CK-CNN,broken,0010.tiff,exact_folder,1
/kaggle/working/maizeguard_public_training/raw_public_sources/CK-CNN/dataset/individual/good/0051.tiff,good,CK-CNN,good,0051.tiff,exact_folder,0
/kaggle/working/maizeguard_public_training/raw_public_sources/CK-CNN/dataset/individual/impurity/0045.tiff,impurity,CK-CNN,impurity,0045.tiff,exact_folder,2
/kaggle/working/maizeguard_public_training/raw_public_sources/CK-CNN/dataset/individual/broken/0014.tiff,broken,CK-CNN,broken,0014.tiff,exact_folder,1
/kaggle/working/maizeguard_public_training/raw_public_sources/CK-CNN/dataset/individual/broken/0019.tiff,broken,CK-CNN,broken,0019.tiff,exact_folder,1
/kaggle/working/maizeguard_public_training/raw_public_sources/CK-CNN/dataset/individual/impurity/0024.tiff,impurity,CK-CNN,impurity,0024.tiff,exact_folder,2
/kaggle/working/maizeguard_public_training/raw_public_sources/CK-CNN/dataset/individual/rotten/0029.tiff,mold_risk,CK-CNN,rotten,0029.tiff,exact_folder,3
/kaggle/working/maizeguard_public_training/raw_public_sources/CK-CNN/dataset/individual/broken/0032.tiff,broken,CK-CNN,broken,0032.tiff,exact_folder,1
/kaggle/working/maizeguard_public_training/raw_public_sources/CK-CNN/dataset/individual/good/0070.tiff,good,CK-CNN,good,0070.tiff,exact_folder,0
/kaggle/working/maizeguard_public_training/raw_public_sources/CK-CNN/dataset/individual/broken/0057.tiff,broken,CK-CNN,broken,0057.tiff,exact_folder,1
/kaggle/working/maizeguard_public_training/raw_public_sources/CK-CNN/dataset/individual/impurity/0039.tiff,impurity,CK-CNN,impurity,0039.tiff,exact_folder,2
/kaggle/working/maizeguard_public_training/raw_public_sources/CK-CNN/dataset/individual/impurity/0008.tiff,impurity,CK-CNN,impurity,0008.tiff,exact_folder,2
/kaggle/working/maizeguard_public_training/raw_public_sources/CK-CNN/dataset/individual/broken/0015.tiff,broken,CK-CNN,broken,0015.tiff,exact_folder,1
/kaggle/working/maizeguard_public_training/raw_public_sources/CK-CNN/dataset/individual/broken/0008.tiff,broken,CK-CNN,broken,0008.tiff,exact_folder,1
/kaggle/working/maizeguard_public_training/raw_public_sources/CK-CNN/dataset/individual/good/0056.tiff,good,CK-CNN,good,0056.tiff,exact_folder,0
/kaggle/working/maizeguard_public_training/raw_public_sources/CK-CNN/dataset/individual/good/0052.tiff,good,CK-CNN,good,0052.tiff,exact_folder,0
/kaggle/working/maizeguard_public_training/raw_public_sources/CK-CNN/dataset/individual/impurity/0041.tiff,impurity,CK-CNN,impurity,0041.tiff,exact_folder,2
/kaggle/working/maizeguard_public_training/raw_public_sources/CK-CNN/dataset/individual/broken/0043.tiff,broken,CK-CNN,broken,0043.tiff,exact_folder,1
/kaggle/working/maizeguard_public_training/raw_public_sources/CK-CNN/dataset/individual/good/0005.tiff,good,CK-CNN,good,0005.tiff,exact_folder,0
/kaggle/working/maizeguard_public_training/raw_public_sources/CK-CNN/dataset/individual/broken/0045.tiff,broken,CK-CNN,broken,0045.tiff,exact_folder,1
/kaggle/working/maizeguard_public_training/raw_public_sources/CK-CNN/dataset/individual/impurity/0022.tiff,impurity,CK-CNN,impurity,0022.tiff,exact_folder,2
/kaggle/working/maizeguard_public_training/raw_public_sources/CK-CNN/dataset/individual/impurity/0026.tiff,impurity,CK-CNN,impurity,0026.tiff,exact_folder,2
/kaggle/working/maizeguard_public_training/raw_public_sources/CK-CNN/dataset/individual/impurity/0018.tiff,impurity,CK-CNN,impurity,0018.tiff,exact_folder,2
/kaggle/working/maizeguard_public_training/raw_public_sources/CK-CNN/dataset/individual/broken/0003.tiff,broken,CK-CNN,broken,0003.tiff,exact_folder,1
/kaggle/working/maizeguard_public_training/raw_public_sources/CK-CNN/dataset/individual/good/0088.tiff,good,CK-CNN,good,0088.tiff,exact_folder,0
/kaggle/working/maizeguard_public_training/raw_public_sources/CK-CNN/dataset/individual/rotten/0024.tiff,mold_risk,CK-CNN,rotten,0024.tiff,exact_folder,3
/kaggle/working/maizeguard_public_training/raw_public_sources/CK-CNN/dataset/individual/good/0010.tiff,good,CK-CNN,good,0010.tiff,exact_folder,0
/kaggle/working/maizeguard_public_training/raw_public_sources/CK-CNN/dataset/individual/broken/0041.tiff,broken,CK-CNN,broken,0041.tiff,exact_folder,1
/kaggle/working/maizeguard_public_training/raw_public_sources/CK-CNN/dataset/individual/broken/0012.tiff,broken,CK-CNN,broken,0012.tiff,exact_folder,1
/kaggle/working/maizeguard_public_training/raw_public_sources/CK-CNN/dataset/individual/broken/0017.tiff,broken,CK-CNN,broken,0017.tiff,exact_folder,1
/kaggle/working/maizeguard_public_training/raw_public_sources/CK-CNN/dataset/individual/good/0115.tiff,good,CK-CNN,good,0115.tiff,exact_folder,0
/kaggle/working/maizeguard_public_training/raw_public_sources/CK-CNN/dataset/individual/rotten/0052.tiff,mold_risk,CK-CNN,rotten,0052.tiff,exact_folder,3
/kaggle/working/maizeguard_public_training/raw_public_sources/CK-CNN/dataset/individual/good/0042.tiff,good,CK-CNN,good,0042.tiff,exact_folder,0
/kaggle/working/maizeguard_public_training/raw_public_sources/CK-CNN/dataset/individual/good/0043.tiff,good,CK-CNN,good,0043.tiff,exact_folder,0
/kaggle/working/maizeguard_public_training/raw_public_sources/CK-CNN/dataset/individual/good/0073.tiff,good,CK-CNN,good,0073.tiff,exact_folder,0
/kaggle/working/maizeguard_public_training/raw_public_sources/CK-CNN/dataset/individual/good/0063.tiff,good,CK-CNN,good,0063.tiff,exact_folder,0
/kaggle/working/maizeguard_public_training/raw_public_sources/CK-CNN/dataset/individual/good/0032.tiff,good,CK-CNN,good,0032.tiff,exact_folder,0
/kaggle/working/maizeguard_public_training/raw_public_sources/CK-CNN/dataset/individual/rotten/0058.tiff,mold_risk,CK-CNN,rotten,0058.tiff,exact_folder,3
/kaggle/working/maizeguard_public_training/raw_public_sources/CK-CNN/dataset/individual/broken/0013.tiff,broken,CK-CNN,broken,0013.tiff,exact_folder,1
/kaggle/working/maizeguard_public_training/raw_public_sources/CK-CNN/dataset/individual/rotten/0032.tiff,mold_risk,CK-CNN,rotten,0032.tiff,exact_folder,3
/kaggle/working/maizeguard_public_training/raw_public_sources/CK-CNN/dataset/individual/broken/0046.tiff,broken,CK-CNN,broken,0046.tiff,exact_folder,1
/kaggle/working/maizeguard_public_training/raw_public_sources/CK-CNN/dataset/individual/broken/0021.tiff,broken,CK-CNN,broken,0021.tiff,exact_folder,1
/kaggle/working/maizeguard_public_training/raw_public_sources/CK-CNN/dataset/individual/good/0045.tiff,good,CK-CNN,good,0045.tiff,exact_folder,0
/kaggle/working/maizeguard_public_training/raw_public_sources/CK-CNN/dataset/individual/rotten/0005.tiff,mold_risk,CK-CNN,rotten,0005.tiff,exact_folder,3
/kaggle/working/maizeguard_public_training/raw_public_sources/CK-CNN/dataset/individual/good/0072.tiff,good,CK-CNN,good,0072.tiff,exact_folder,0
/kaggle/working/maizeguard_public_training/raw_public_sources/CK-CNN/dataset/individual/broken/0060.tiff,broken,CK-CNN,broken,0060.tiff,exact_folder,1
/kaggle/working/maizeguard_public_training/raw_public_sources/CK-CNN/dataset/individual/good/0050.tiff,good,CK-CNN,good,0050.tiff,exact_folder,0
/kaggle/working/maizeguard_public_training/raw_public_sources/CK-CNN/dataset/individual/good/0019.tiff,good,CK-CNN,good,0019.tiff,exact_folder,0
/kaggle/working/maizeguard_public_training/raw_public_sources/CK-CNN/dataset/individual/impurity/0047.tiff,impurity,CK-CNN,impurity,0047.tiff,exact_folder,2
/kaggle/working/maizeguard_public_training/raw_public_sources/CK-CNN/dataset/individual/good/0074.tiff,good,CK-CNN,good,0074.tiff,exact_folder,0
/kaggle/working/maizeguard_public_training/raw_public_sources/CK-CNN/dataset/individual/broken/0047.tiff,broken,CK-CNN,broken,0047.tiff,exact_folder,1
/kaggle/working/maizeguard_public_training/raw_public_sources/CK-CNN/dataset/individual/broken/0020.tiff,broken,CK-CNN,broken,0020.tiff,exact_folder,1
/kaggle/working/maizeguard_public_training/raw_public_sources/CK-CNN/dataset/individual/good/0029.tiff,good,CK-CNN,good,0029.tiff,exact_folder,0
/kaggle/working/maizeguard_public_training/raw_public_sources/CK-CNN/dataset/individual/rotten/0046.tiff,mold_risk,CK-CNN,rotten,0046.tiff,exact_folder,3
/kaggle/working/maizeguard_public_training/raw_public_sources/CK-CNN/dataset/individual/rotten/0051.tiff,mold_risk,CK-CNN,rotten,0051.tiff,exact_folder,3
/kaggle/working/maizeguard_public_training/raw_public_sources/CK-CNN/dataset/individual/good/0001.tiff,good,CK-CNN,good,0001.tiff,exact_folder,0
/kaggle/working/maizeguard_public_training/raw_public_sources/CK-CNN/dataset/individual/broken/0025.tiff,broken,CK-CNN,broken,0025.tiff,exact_folder,1
/kaggle/working/maizeguard_public_training/raw_public_sources/CK-CNN/dataset/individual/broken/0050.tiff,broken,CK-CNN,broken,0050.tiff,exact_folder,1
/kaggle/working/maizeguard_public_training/raw_public_sources/CK-CNN/dataset/individual/rotten/0014.tiff,mold_risk,CK-CNN,rotten,0014.tiff,exact_folder,3
/kaggle/working/maizeguard_public_training/raw_public_sources/CK-CNN/dataset/individual/broken/0013.tiff,broken,CK-CNN,broken,0013.tiff,exact_folder,1
/kaggle/working/maizeguard_public_training/raw_public_sources/CK-CNN/dataset/individual/broken/0051.tiff,broken,CK-CNN,broken,0051.tiff,exact_folder,1
/kaggle/working/maizeguard_public_training/raw_public_sources/CK-CNN/dataset/individual/broken/0020.tiff,broken,CK-CNN,broken,0020.tiff,exact_folder,1
/kaggle/working/maizeguard_public_training/raw_public_sources/CK-CNN/dataset/individual/good/0059.tiff,good,CK-CNN,good,0059.tiff,exact_folder,0
/kaggle/working/maizeguard_public_training/raw_public_sources/CK-CNN/dataset/individual/good/0028.tiff,good,CK-CNN,good,0028.tiff,exact_folder,0
/kaggle/working/maizeguard_public_training/raw_public_sources/CK-CNN/dataset/individual/good/0054.tiff,good,CK-CNN,good,0054.tiff,exact_folder,0
/kaggle/working/maizeguard_public_training/raw_public_sources/CK-CNN/dataset/individual/broken/0002.tiff,broken,CK-CNN,broken,0002.tiff,exact_folder,1
/kaggle/working/maizeguard_public_training/raw_public_sources/CK-CNN/dataset/individual/good/0020.tiff,good,CK-CNN,good,0020.tiff,exact_folder,0
/kaggle/working/maizeguard_public_training/raw_public_sources/CK-CNN/dataset/individual/impurity/0031.tiff,impurity,CK-CNN,impurity,0031.tiff,exact_folder,2
/kaggle/working/maizeguard_public_training/raw_public_sources/CK-CNN/dataset/individual/rotten/0021.tiff,mold_risk,CK-CNN,rotten,0021.tiff,exact_folder,3
/kaggle/working/maizeguard_public_training/raw_public_sources/CK-CNN/dataset/individual/broken/0008.tiff,broken,CK-CNN,broken,0008.tiff,exact_folder,1
/kaggle/working/maizeguard_public_training/raw_public_sources/CK-CNN/dataset/individual/broken/0051.tiff,broken,CK-CNN,broken,0051.tiff,exact_folder,1
/kaggle/working/maizeguard_public_training/raw_public_sources/CK-CNN/dataset/individual/rotten/0054.tiff,mold_risk,CK-CNN,rotten,0054.tiff,exact_folder,3
/kaggle/working/maizeguard_public_training/raw_public_sources/CK-CNN/dataset/individual/broken/0058.tiff,broken,CK-CNN,broken,0058.tiff,exact_folder,1
/kaggle/working/maizeguard_public_training/raw_public_sources/CK-CNN/dataset/individual/good/0064.tiff,good,CK-CNN,good,0064.tiff,exact_folder,0
/kaggle/working/maizeguard_public_training/raw_public_sources/CK-CNN/dataset/individual/good/0016.tiff,good,CK-CNN,good,0016.tiff,exact_folder,0
/kaggle/working/maizeguard_public_training/raw_public_sources/CK-CNN/dataset/individual/rotten/0025.tiff,mold_risk,CK-CNN,rotten,0025.tiff,exact_folder,3
/kaggle/working/maizeguard_public_training/raw_public_sources/CK-CNN/dataset/individual/rotten/0042.tiff,mold_risk,CK-CNN,rotten,0042.tiff,exact_folder,3
/kaggle/working/maizeguard_public_training/raw_public_sources/CK-CNN/dataset/individual/rotten/0010.tiff,mold_risk,CK-CNN,rotten,0010.tiff,exact_folder,3
/kaggle/working/maizeguard_public_training/raw_public_sources/CK-CNN/dataset/individual/broken/0012.tiff,broken,CK-CNN,broken,0012.tiff,exact_folder,1
/kaggle/working/maizeguard_public_training/raw_public_sources/CK-CNN/dataset/individual/impurity/0029.tiff,impurity,CK-CNN,impurity,0029.tiff,exact_folder,2
/kaggle/working/maizeguard_public_training/raw_public_sources/CK-CNN/dataset/individual/good/0003.tiff,good,CK-CNN,good,0003.tiff,exact_folder,0
/kaggle/working/maizeguard_public_training/raw_public_sources/CK-CNN/dataset/individual/good/0037.tiff,good,CK-CNN,good,0037.tiff,exact_folder,0
/kaggle/working/maizeguard_public_training/raw_public_sources/CK-CNN/dataset/individual/broken/0001.tiff,broken,CK-CNN,broken,0001.tiff,exact_folder,1
/kaggle/working/maizeguard_public_training/raw_public_sources/CK-CNN/dataset/individual/rotten/0015.tiff,mold_risk,CK-CNN,rotten,0015.tiff,exact_folder,3
/kaggle/working/maizeguard_public_training/raw_public_sources/CK-CNN/dataset/individual/impurity/0044.tiff,impurity,CK-CNN,impurity,0044.tiff,exact_folder,2
/kaggle/working/maizeguard_public_training/raw_public_sources/CK-CNN/dataset/individual/broken/0007.tiff,broken,CK-CNN,broken,0007.tiff,exact_folder,1
/kaggle/working/maizeguard_public_training/raw_public_sources/CK-CNN/dataset/individual/broken/0019.tiff,broken,CK-CNN,broken,0019.tiff,exact_folder,1
/kaggle/working/maizeguard_public_training/raw_public_sources/CK-CNN/dataset/individual/rotten/0055.tiff,mold_risk,CK-CNN,rotten,0055.tiff,exact_folder,3
/kaggle/working/maizeguard_public_training/raw_public_sources/CK-CNN/dataset/individual/rotten/0019.tiff,mold_risk,CK-CNN,rotten,0019.tiff,exact_folder,3
/kaggle/working/maizeguard_public_training/raw_public_sources/CK-CNN/dataset/individual/rotten/0009.tiff,mold_risk,CK-CNN,rotten,0009.tiff,exact_folder,3
/kaggle/working/maizeguard_public_training/raw_public_sources/CK-CNN/dataset/individual/good/0011.tiff,good,CK-CNN,good,0011.tiff,exact_folder,0
/kaggle/working/maizeguard_public_training/raw_public_sources/CK-CNN/dataset/individual/good/0047.tiff,good,CK-CNN,good,0047.tiff,exact_folder,0
/kaggle/working/maizeguard_public_training/raw_public_sources/CK-CNN/dataset/individual/rotten/0034.tiff,mold_risk,CK-CNN,rotten,0034.tiff,exact_folder,3
/kaggle/working/maizeguard_public_training/raw_public_sources/CK-CNN/dataset/individual/good/0018.tiff,good,CK-CNN,good,0018.tiff,exact_folder,0
/kaggle/working/maizeguard_public_training/raw_public_sources/CK-CNN/dataset/individual/good/0089.tiff,good,CK-CNN,good,0089.tiff,exact_folder,0
/kaggle/working/maizeguard_public_training/raw_public_sources/CK-CNN/dataset/individual/good/0040.tiff,good,CK-CNN,good,0040.tiff,exact_folder,0
/kaggle/working/maizeguard_public_training/raw_public_sources/CK-CNN/dataset/individual/rotten/0059.tiff,mold_risk,CK-CNN,rotten,0059.tiff,exact_folder,3
/kaggle/working/maizeguard_public_training/raw_public_sources/CK-CNN/dataset/individual/broken/0058.tiff,broken,CK-CNN,broken,0058.tiff,exact_folder,1
/kaggle/working/maizeguard_public_training/raw_public_sources/CK-CNN/dataset/individual/good/0077.tiff,good,CK-CNN,good,0077.tiff,exact_folder,0
/kaggle/working/maizeguard_public_training/raw_public_sources/CK-CNN/dataset/individual/good/0030.tiff,good,CK-CNN,good,0030.tiff,exact_folder,0
/kaggle/working/maizeguard_public_training/raw_public_sources/CK-CNN/dataset/individual/broken/0015.tiff,broken,CK-CNN,broken,0015.tiff,exact_folder,1
/kaggle/working/maizeguard_public_training/raw_public_sources/CK-CNN/dataset/individual/good/0013.tiff,good,CK-CNN,good,0013.tiff,exact_folder,0
/kaggle/working/maizeguard_public_training/raw_public_sources/CK-CNN/dataset/individual/broken/0049.tiff,broken,CK-CNN,broken,0049.tiff,exact_folder,1
/kaggle/working/maizeguard_public_training/raw_public_sources/CK-CNN/dataset/individual/broken/0033.tiff,broken,CK-CNN,broken,0033.tiff,exact_folder,1
/kaggle/working/maizeguard_public_training/raw_public_sources/CK-CNN/dataset/individual/rotten/0020.tiff,mold_risk,CK-CNN,rotten,0020.tiff,exact_folder,3
/kaggle/working/maizeguard_public_training/raw_public_sources/CK-CNN/dataset/individual/good/0036.tiff,good,CK-CNN,good,0036.tiff,exact_folder,0
/kaggle/working/maizeguard_public_training/raw_public_sources/CK-CNN/dataset/individual/good/0017.tiff,good,CK-CNN,good,0017.tiff,exact_folder,0
/kaggle/working/maizeguard_public_training/raw_public_sources/CK-CNN/dataset/individual/rotten/0037.tiff,mold_risk,CK-CNN,rotten,0037.tiff,exact_folder,3
/kaggle/working/maizeguard_public_training/raw_public_sources/CK-CNN/dataset/individual/broken/0031.tiff,broken,CK-CNN,broken,0031.tiff,exact_folder,1
/kaggle/working/maizeguard_public_training/raw_public_sources/CK-CNN/dataset/individual/broken/0003.tiff,broken,CK-CNN,broken,0003.tiff,exact_folder,1
/kaggle/working/maizeguard_public_training/raw_public_sources/CK-CNN/dataset/individual/broken/0042.tiff,broken,CK-CNN,broken,0042.tiff,exact_folder,1
/kaggle/working/maizeguard_public_training/raw_public_sources/CK-CNN/dataset/individual/broken/0021.tiff,broken,CK-CNN,broken,0021.tiff,exact_folder,1
/kaggle/working/maizeguard_public_training/raw_public_sources/CK-CNN/dataset/individual/good/0094.tiff,good,CK-CNN,good,0094.tiff,exact_folder,0
/kaggle/working/maizeguard_public_training/raw_public_sources/CK-CNN/dataset/individual/broken/0053.tiff,broken,CK-CNN,broken,0053.tiff,exact_folder,1
/kaggle/working/maizeguard_public_training/raw_public_sources/CK-CNN/dataset/individual/good/0057.tiff,good,CK-CNN,good,0057.tiff,exact_folder,0
/kaggle/working/maizeguard_public_training/raw_public_sources/CK-CNN/dataset/individual/rotten/0033.tiff,mold_risk,CK-CNN,rotten,0033.tiff,exact_folder,3
/kaggle/working/maizeguard_public_training/raw_public_sources/CK-CNN/dataset/individual/rotten/0016.tiff,mold_risk,CK-CNN,rotten,0016.tiff,exact_folder,3
/kaggle/working/maizeguard_public_training/raw_public_sources/CK-CNN/dataset/individual/good/0039.tiff,good,CK-CNN,good,0039.tiff,exact_folder,0
/kaggle/working/maizeguard_public_training/raw_public_sources/CK-CNN/dataset/individual/rotten/0013.tiff,mold_risk,CK-CNN,rotten,0013.tiff,exact_folder,3
/kaggle/working/maizeguard_public_training/raw_public_sources/CK-CNN/dataset/individual/good/0041.tiff,good,CK-CNN,good,0041.tiff,exact_folder,0
/kaggle/working/maizeguard_public_training/raw_public_sources/CK-CNN/dataset/individual/rotten/0017.tiff,mold_risk,CK-CNN,rotten,0017.tiff,exact_folder,3
/kaggle/working/maizeguard_public_training/raw_public_sources/CK-CNN/dataset/individual/good/0008.tiff,good,CK-CNN,good,0008.tiff,exact_folder,0
/kaggle/working/maizeguard_public_training/raw_public_sources/CK-CNN/dataset/individual/broken/0023.tiff,broken,CK-CNN,broken,0023.tiff,exact_folder,1
/kaggle/working/maizeguard_public_training/raw_public_sources/CK-CNN/dataset/individual/broken/0053.tiff,broken,CK-CNN,broken,0053.tiff,exact_folder,1
/kaggle/working/maizeguard_public_training/raw_public_sources/CK-CNN/dataset/individual/good/0084.tiff,good,CK-CNN,good,0084.tiff,exact_folder,0
/kaggle/working/maizeguard_public_training/raw_public_sources/CK-CNN/dataset/individual/broken/0056.tiff,broken,CK-CNN,broken,0056.tiff,exact_folder,1
/kaggle/working/maizeguard_public_training/raw_public_sources/CK-CNN/dataset/individual/good/0015.tiff,good,CK-CNN,good,0015.tiff,exact_folder,0
/kaggle/working/maizeguard_public_training/raw_public_sources/CK-CNN/dataset/individual/impurity/0030.tiff,impurity,CK-CNN,impurity,0030.tiff,exact_folder,2
/kaggle/working/maizeguard_public_training/raw_public_sources/CK-CNN/dataset/individual/broken/0022.tiff,broken,CK-CNN,broken,0022.tiff,exact_folder,1
/kaggle/working/maizeguard_public_training/raw_public_sources/CK-CNN/dataset/individual/rotten/0031.tiff,mold_risk,CK-CNN,rotten,0031.tiff,exact_folder,3
/kaggle/working/maizeguard_public_training/raw_public_sources/CK-CNN/dataset/individual/broken/0055.tiff,broken,CK-CNN,broken,0055.tiff,exact_folder,1
/kaggle/working/maizeguard_public_training/raw_public_sources/CK-CNN/dataset/individual/impurity/0009.tiff,impurity,CK-CNN,impurity,0009.tiff,exact_folder,2
/kaggle/working/maizeguard_public_training/raw_public_sources/CK-CNN/dataset/individual/broken/0031.tiff,broken,CK-CNN,broken,0031.tiff,exact_folder,1
/kaggle/working/maizeguard_public_training/raw_public_sources/CK-CNN/dataset/individual/impurity/0038.tiff,impurity,CK-CNN,impurity,0038.tiff,exact_folder,2
/kaggle/working/maizeguard_public_training/raw_public_sources/CK-CNN/dataset/individual/rotten/0045.tiff,mold_risk,CK-CNN,rotten,0045.tiff,exact_folder,3
/kaggle/working/maizeguard_public_training/raw_public_sources/CK-CNN/dataset/individual/good/0022.tiff,good,CK-CNN,good,0022.tiff,exact_folder,0
/kaggle/working/maizeguard_public_training/raw_public_sources/CK-CNN/dataset/individual/broken/0032.tiff,broken,CK-CNN,broken,0032.tiff,exact_folder,1
/kaggle/working/maizeguard_public_training/raw_public_sources/CK-CNN/dataset/individual/broken/0047.tiff,broken,CK-CNN,broken,0047.tiff,exact_folder,1
/kaggle/working/maizeguard_public_training/raw_public_sources/CK-CNN/dataset/individual/good/0090.tiff,good,CK-CNN,good,0090.tiff,exact_folder,0
/kaggle/working/maizeguard_public_training/raw_public_sources/CK-CNN/dataset/individual/good/0046.tiff,good,CK-CNN,good,0046.tiff,exact_folder,0
/kaggle/working/maizeguard_public_training/raw_public_sources/CK-CNN/dataset/individual/good/0104.tiff,good,CK-CNN,good,0104.tiff,exact_folder,0
/kaggle/working/maizeguard_public_training/raw_public_sources/CK-CNN/dataset/individual/good/0071.tiff,good,CK-CNN,good,0071.tiff,exact_folder,0
/kaggle/working/maizeguard_public_training/raw_public_sources/CK-CNN/dataset/individual/broken/0028.tiff,broken,CK-CNN,broken,0028.tiff,exact_folder,1
/kaggle/working/maizeguard_public_training/raw_public_sources/CK-CNN/dataset/individual/impurity/0027.tiff,impurity,CK-CNN,impurity,0027.tiff,exact_folder,2
/kaggle/working/maizeguard_public_training/raw_public_sources/CK-CNN/dataset/individual/good/0082.tiff,good,CK-CNN,good,0082.tiff,exact_folder,0
/kaggle/working/maizeguard_public_training/raw_public_sources/CK-CNN/dataset/individual/rotten/0049.tiff,mold_risk,CK-CNN,rotten,0049.tiff,exact_folder,3
/kaggle/working/maizeguard_public_training/raw_public_sources/CK-CNN/dataset/individual/impurity/0002.tiff,impurity,CK-CNN,impurity,0002.tiff,exact_folder,2
/kaggle/working/maizeguard_public_training/raw_public_sources/CK-CNN/dataset/individual/broken/0050.tiff,broken,CK-CNN,broken,0050.tiff,exact_folder,1
/kaggle/working/maizeguard_public_training/raw_public_sources/CK-CNN/dataset/individual/broken/0055.tiff,broken,CK-CNN,broken,0055.tiff,exact_folder,1
/kaggle/working/maizeguard_public_training/raw_public_sources/CK-CNN/dataset/individual/impurity/0036.tiff,impurity,CK-CNN,impurity,0036.tiff,exact_folder,2
/kaggle/working/maizeguard_public_training/raw_public_sources/CK-CNN/dataset/individual/broken/0045.tiff,broken,CK-CNN,broken,0045.tiff,exact_folder,1
/kaggle/working/maizeguard_public_training/raw_public_sources/CK-CNN/dataset/individual/impurity/0048.tiff,impurity,CK-CNN,impurity,0048.tiff,exact_folder,2
/kaggle/working/maizeguard_public_training/raw_public_sources/CK-CNN/dataset/individual/good/0078.tiff,good,CK-CNN,good,0078.tiff,exact_folder,0
/kaggle/working/maizeguard_public_training/raw_public_sources/CK-CNN/dataset/individual/broken/0043.tiff,broken,CK-CNN,broken,0043.tiff,exact_folder,1
/kaggle/working/maizeguard_public_training/raw_public_sources/CK-CNN/dataset/individual/impurity/0016.tiff,impurity,CK-CNN,impurity,0016.tiff,exact_folder,2
/kaggle/working/maizeguard_public_training/raw_public_sources/CK-CNN/dataset/individual/broken/0049.tiff,broken,CK-CNN,broken,0049.tiff,exact_folder,1
/kaggle/working/maizeguard_public_training/raw_public_sources/CK-CNN/dataset/individual/rotten/0056.tiff,mold_risk,CK-CNN,rotten,0056.tiff,exact_folder,3
/kaggle/working/maizeguard_public_training/raw_public_sources/CK-CNN/dataset/individual/broken/0024.tiff,broken,CK-CNN,broken,0024.tiff,exact_folder,1
/kaggle/working/maizeguard_public_training/raw_public_sources/CK-CNN/dataset/individual/good/0120.tiff,good,CK-CNN,good,0120.tiff,exact_folder,0
/kaggle/working/maizeguard_public_training/raw_public_sources/CK-CNN/dataset/individual/broken/0001.tiff,broken,CK-CNN,broken,0001.tiff,exact_folder,1
/kaggle/working/maizeguard_public_training/raw_public_sources/CK-CNN/dataset/individual/broken/0022.tiff,broken,CK-CNN,broken,0022.tiff,exact_folder,1
/kaggle/working/maizeguard_public_training/raw_public_sources/CK-CNN/dataset/individual/broken/0044.tiff,broken,CK-CNN,broken,0044.tiff,exact_folder,1
/kaggle/working/maizeguard_public_training/raw_public_sources/CK-CNN/dataset/individual/rotten/0038.tiff,mold_risk,CK-CNN,rotten,0038.tiff,exact_folder,3
/kaggle/working/maizeguard_public_training/raw_public_sources/CK-CNN/dataset/individual/impurity/0023.tiff,impurity,CK-CNN,impurity,0023.tiff,exact_folder,2
/kaggle/working/maizeguard_public_training/raw_public_sources/CK-CNN/dataset/individual/broken/0033.tiff,broken,CK-CNN,broken,0033.tiff,exact_folder,1
/kaggle/working/maizeguard_public_training/raw_public_sources/CK-CNN/dataset/individual/good/0102.tiff,good,CK-CNN,good,0102.tiff,exact_folder,0
/kaggle/working/maizeguard_public_training/raw_public_sources/CK-CNN/dataset/individual/good/0087.tiff,good,CK-CNN,good,0087.tiff,exact_folder,0
/kaggle/working/maizeguard_public_training/raw_public_sources/CK-CNN/dataset/individual/broken/0002.tiff,broken,CK-CNN,broken,0002.tiff,exact_folder,1
/kaggle/working/maizeguard_public_training/raw_public_sources/CK-CNN/dataset/individual/good/0119.tiff,good,CK-CNN,good,0119.tiff,exact_folder,0
/kaggle/working/maizeguard_public_training/raw_public_sources/CK-CNN/dataset/individual/broken/0052.tiff,broken,CK-CNN,broken,0052.tiff,exact_folder,1
/kaggle/working/maizeguard_public_training/raw_public_sources/CK-CNN/dataset/individual/rotten/0018.tiff,mold_risk,CK-CNN,rotten,0018.tiff,exact_folder,3
/kaggle/working/maizeguard_public_training/raw_public_sources/CK-CNN/dataset/individual/good/0114.tiff,good,CK-CNN,good,0114.tiff,exact_folder,0
/kaggle/working/maizeguard_public_training/raw_public_sources/CK-CNN/dataset/individual/impurity/0025.tiff,impurity,CK-CNN,impurity,0025.tiff,exact_folder,2
/kaggle/working/maizeguard_public_training/raw_public_sources/CK-CNN/dataset/individual/rotten/0057.tiff,mold_risk,CK-CNN,rotten,0057.tiff,exact_folder,3
/kaggle/working/maizeguard_public_training/raw_public_sources/CK-CNN/dataset/individual/impurity/0010.tiff,impurity,CK-CNN,impurity,0010.tiff,exact_folder,2
/kaggle/working/maizeguard_public_training/raw_public_sources/CK-CNN/dataset/individual/broken/0023.tiff,broken,CK-CNN,broken,0023.tiff,exact_folder,1
/kaggle/working/maizeguard_public_training/raw_public_sources/CK-CNN/dataset/individual/good/0021.tiff,good,CK-CNN,good,0021.tiff,exact_folder,0
/kaggle/working/maizeguard_public_training/raw_public_sources/CK-CNN/dataset/individual/broken/0036.tiff,broken,CK-CNN,broken,0036.tiff,exact_folder,1
/kaggle/working/maizeguard_public_training/raw_public_sources/CK-CNN/dataset/individual/broken/0052.tiff,broken,CK-CNN,broken,0052.tiff,exact_folder,1
/kaggle/working/maizeguard_public_training/raw_public_sources/CK-CNN/dataset/individual/good/0092.tiff,good,CK-CNN,good,0092.tiff,exact_folder,0
/kaggle/working/maizeguard_public_training/raw_public_sources/CK-CNN/dataset/individual/rotten/0041.tiff,mold_risk,CK-CNN,rotten,0041.tiff,exact_folder,3
/kaggle/working/maizeguard_public_training/raw_public_sources/CK-CNN/dataset/individual/good/0106.tiff,good,CK-CNN,good,0106.tiff,exact_folder,0
/kaggle/working/maizeguard_public_training/raw_public_sources/CK-CNN/dataset/individual/good/0118.tiff,good,CK-CNN,good,0118.tiff,exact_folder,0
/kaggle/working/maizeguard_public_training/raw_public_sources/CK-CNN/dataset/individual/rotten/0043.tiff,mold_risk,CK-CNN,rotten,0043.tiff,exact_folder,3
/kaggle/working/maizeguard_public_training/raw_public_sources/CK-CNN/dataset/individual/good/0062.tiff,good,CK-CNN,good,0062.tiff,exact_folder,0
/kaggle/working/maizeguard_public_training/raw_public_sources/CK-CNN/dataset/individual/broken/0016.tiff,broken,CK-CNN,broken,0016.tiff,exact_folder,1
/kaggle/working/maizeguard_public_training/raw_public_sources/CK-CNN/dataset/individual/impurity/0032.tiff,impurity,CK-CNN,impurity,0032.tiff,exact_folder,2
/kaggle/working/maizeguard_public_training/raw_public_sources/CK-CNN/dataset/individual/broken/0036.tiff,broken,CK-CNN,broken,0036.tiff,exact_folder,1
/kaggle/working/maizeguard_public_training/raw_public_sources/CK-CNN/dataset/individual/broken/0041.tiff,broken,CK-CNN,broken,0041.tiff,exact_folder,1
/kaggle/working/maizeguard_public_training/raw_public_sources/CK-CNN/dataset/individual/good/0081.tiff,good,CK-CNN,good,0081.tiff,exact_folder,0
/kaggle/working/maizeguard_public_training/raw_public_sources/CK-CNN/dataset/individual/broken/0016.tiff,broken,CK-CNN,broken,0016.tiff,exact_folder,1
/kaggle/working/maizeguard_public_training/raw_public_sources/CK-CNN/dataset/individual/rotten/0004.tiff,mold_risk,CK-CNN,rotten,0004.tiff,exact_folder,3
/kaggle/working/maizeguard_public_training/raw_public_sources/CK-CNN/dataset/individual/rotten/0007.tiff,mold_risk,CK-CNN,rotten,0007.tiff,exact_folder,3
/kaggle/working/maizeguard_public_training/raw_public_sources/CK-CNN/dataset/individual/good/0095.tiff,good,CK-CNN,good,0095.tiff,exact_folder,0
/kaggle/working/maizeguard_public_training/raw_public_sources/CK-CNN/dataset/individual/good/0107.tiff,good,CK-CNN,good,0107.tiff,exact_folder,0
/kaggle/working/maizeguard_public_training/raw_public_sources/CK-CNN/dataset/individual/broken/0018.tiff,broken,CK-CNN,broken,0018.tiff,exact_folder,1
/kaggle/working/maizeguard_public_training/raw_public_sources/CK-CNN/dataset/individual/rotten/0048.tiff,mold_risk,CK-CNN,rotten,0048.tiff,exact_folder,3
/kaggle/working/maizeguard_public_training/raw_public_sources/CK-CNN/dataset/individual/impurity/0012.tiff,impurity,CK-CNN,impurity,0012.tiff,exact_folder,2
/kaggle/working/maizeguard_public_training/raw_public_sources/CK-CNN/dataset/individual/impurity/0019.tiff,impurity,CK-CNN,impurity,0019.tiff,exact_folder,2
